<?xml version="1.0" encoding="utf-8"?>
<LayoutRoot>
  <RootPanel Orientation="Horizontal">
    <LayoutAnchorablePaneGroup Orientation="Horizontal" DockWidth="300" FloatingWidth="300" FloatingHeight="800" FloatingLeft="200" FloatingTop="200">
      <LayoutAnchorablePane Id="c92c1530-70b0-4013-ae5e-08c6e25748ee" DockHeight="200" FloatingWidth="300" FloatingHeight="800" FloatingLeft="200" FloatingTop="200" />
    </LayoutAnchorablePaneGroup>
    <LayoutPanel Orientation="Vertical">
      <LayoutDocumentPaneGroup Orientation="Horizontal">
        <LayoutDocumentPane Id="52513ef2-864f-47b7-92db-99e02bfd5718" DockWidth="0.451044913371159*">
          <LayoutDocument Title="TCDVIII.rdo" IsSelected="True" ContentId="Reflect|Essence.Editor.ReflectEditor.Controls.DefaultReflectControlActivator|0x7CA38D8700236E81" LastActivationTimeStamp="04/09/2022 10:21:46" />
          <LayoutDocument Title="tcdviii.scenario" ContentId="C:\Users\zackm\Documents\TCDVIII\assets\scenarios\multiplayer\TCDVIII\tcdviii.scenario" ToolTip="C:\Users\zackm\Documents\TCDVIII\assets\scenarios\multiplayer\TCDVIII\tcdviii.scenario" LastActivationTimeStamp="04/09/2022 10:19:45" />
        </LayoutDocumentPane>
        <LayoutDocumentPane Id="6c15f1dd-61cc-463a-a486-c6d5775a6b5c" DockWidth="1.54990855812439*">
          <LayoutDocument Title="tcdviii.scar" ContentId="C:\Users\zackm\Documents\TCDVIII\assets\scenarios\multiplayer\TCDVIII\tcdviii.scar" ToolTip="C:\Users\zackm\Documents\TCDVIII\assets\scenarios\multiplayer\TCDVIII\tcdviii.scar" LastActivationTimeStamp="04/09/2022 10:41:25" />
          <LayoutDocument Title="Render" IsSelected="True" IsLastFocusedDocument="True" ContentId="EssenceEditor.Render" LastActivationTimeStamp="04/09/2022 10:43:30" />
        </LayoutDocumentPane>
      </LayoutDocumentPaneGroup>
      <LayoutAnchorablePane Id="1b84d0aa-3fd1-4781-909d-fa3e4b760d6d" Name="anchorablesPane" DockHeight="74.6666666666667" />
    </LayoutPanel>
    <LayoutAnchorablePaneGroup Orientation="Vertical" DockWidth="300" DockHeight="200">
      <LayoutAnchorablePane Id="098628b4-9afd-4cfd-8c20-62a00b914196" DockWidth="300" FloatingWidth="300" FloatingHeight="800" FloatingLeft="200" FloatingTop="200" />
      <LayoutAnchorablePane Id="78c06263-eb86-40c1-8abf-6d89a3781df0" FloatingWidth="300" FloatingHeight="250" FloatingLeft="200" FloatingTop="200" />
      <LayoutAnchorablePaneGroup Orientation="Horizontal" DockHeight="0.25*" FloatingWidth="300" FloatingHeight="200" FloatingLeft="200" FloatingTop="200">
        <LayoutAnchorablePane Id="7c0c8984-93b5-4e76-b07f-aabdcb84c516" DockHeight="100" FloatingWidth="300" FloatingHeight="100" FloatingLeft="200" FloatingTop="200" />
      </LayoutAnchorablePaneGroup>
    </LayoutAnchorablePaneGroup>
  </RootPanel>
  <TopSide />
  <RightSide />
  <LeftSide />
  <BottomSide>
    <LayoutAnchorGroup PreviousContainerId="1b84d0aa-3fd1-4781-909d-fa3e4b760d6d">
      <LayoutAnchorable AutoHideMinWidth="100" AutoHideMinHeight="100" Title="Output" ContentId="Output" LastActivationTimeStamp="04/07/2022 22:53:23" />
      <LayoutAnchorable AutoHideMinWidth="100" AutoHideMinHeight="100" Title="Error List" ContentId="ErrorList" LastActivationTimeStamp="07/28/2020 09:55:14" />
      <LayoutAnchorable AutoHideHeight="186" AutoHideMinWidth="100" AutoHideMinHeight="100" Title="Object Browser" ContentId="ScenarioEditor.ObjectBrowser" LastActivationTimeStamp="04/08/2022 21:11:54" />
    </LayoutAnchorGroup>
  </BottomSide>
  <FloatingWindows />
  <Hidden>
    <LayoutAnchorable AutoHideMinWidth="100" AutoHideMinHeight="100" Title="Console" IsSelected="True" ContentId="Console" LastActivationTimeStamp="04/09/2022 09:48:55" PreviousContainerId="1b84d0aa-3fd1-4781-909d-fa3e4b760d6d" PreviousContainerIndex="0" />
    <LayoutAnchorable AutoHideMinWidth="100" AutoHideMinHeight="100" Title="Painter" IsSelected="True" ContentId="ScenarioEditor.Painter" FloatingLeft="200" FloatingTop="200" FloatingWidth="300" FloatingHeight="800" LastActivationTimeStamp="04/09/2022 09:48:55" PreviousContainerId="098628b4-9afd-4cfd-8c20-62a00b914196" PreviousContainerIndex="0" />
    <LayoutAnchorable AutoHideMinWidth="100" AutoHideMinHeight="100" Title="Playback" IsSelected="True" ContentId="EssenceEditor.Playback" FloatingLeft="200" FloatingTop="200" FloatingWidth="300" FloatingHeight="100" LastActivationTimeStamp="04/09/2022 09:48:55" PreviousContainerId="7c0c8984-93b5-4e76-b07f-aabdcb84c516" PreviousContainerIndex="0" />
    <LayoutAnchorable AutoHideWidth="389.333333333333" AutoHideMinWidth="100" AutoHideMinHeight="100" Title="Properties" IsSelected="True" ContentId="EssenceEditor.Properties" FloatingLeft="200" FloatingTop="200" FloatingWidth="300" FloatingHeight="800" LastActivationTimeStamp="04/09/2022 09:48:55" PreviousContainerId="098628b4-9afd-4cfd-8c20-62a00b914196" PreviousContainerIndex="0" />
    <LayoutAnchorable AutoHideMinWidth="100" AutoHideMinHeight="100" Title="Transformation" IsSelected="True" ContentId="ScenarioEditor.Transformation" FloatingLeft="200" FloatingTop="200" FloatingWidth="250" FloatingHeight="300" LastActivationTimeStamp="04/09/2022 09:48:55" PreviousContainerId="78c06263-eb86-40c1-8abf-6d89a3781df0" PreviousContainerIndex="0" />
    <LayoutAnchorable AutoHideMinWidth="100" AutoHideMinHeight="100" Title="Asset Explorer" IsSelected="True" ContentId="EssenceEditor.AssetExplorer" FloatingLeft="200" FloatingTop="200" FloatingWidth="300" FloatingHeight="800" LastActivationTimeStamp="04/09/2022 09:48:55" PreviousContainerId="c92c1530-70b0-4013-ae5e-08c6e25748ee" PreviousContainerIndex="0" />
  </Hidden>
</LayoutRoot>