﻿<?xml version="1.0" encoding="utf-8"?>
<ProjectSettings xmlns:i="http://www.w3.org/2001/XMLSchema-instance" xmlns="http://schemas.datacontract.org/2004/07/Essence.Editor.Core">
	<LastDocumentDirectory>C:\Users\zackm\Documents\my games\Age of Empires IV - Test\mods\extension\subscriptions\3173</LastDocumentDirectory>
	<LastDocumentType i:nil="true" />
	<PluginSettings xmlns:d2p1="http://schemas.microsoft.com/2003/10/Serialization/Arrays">
		<d2p1:anyType xmlns:d3p1="http://schemas.datacontract.org/2004/07/Essence.Editor.Controls" i:type="d3p1:FileExplorerProjectSettings">
			<d3p1:ExpandedPaths>
				<d2p1:KeyValueOfstringArrayOfstringty7Ep6D1>
					<d2p1:Key>AssetExplorerGeneric</d2p1:Key>
					<d2p1:Value>
						<d2p1:string>assets\locdb</d2p1:string>
						<d2p1:string>assets\scenarios\multiplayer\TCDVIII</d2p1:string>
					</d2p1:Value>
				</d2p1:KeyValueOfstringArrayOfstringty7Ep6D1>
			</d3p1:ExpandedPaths>
			<d3p1:Version>0</d3p1:Version>
		</d2p1:anyType>
	</PluginSettings>
	<RecentFiles>
		<History xmlns:d3p1="http://schemas.microsoft.com/2003/10/Serialization/Arrays">
			<d3p1:string>C:\Users\zackm\AppData\Local\Temp\squad.scar</d3p1:string>
			<d3p1:string>C:\Users\zackm\Documents\my games\Age of Empires IV - Test\mods\extension\subscriptions\3173\aoe_7ca21fe2-269a-4cc1-ac6e-5b9cffd1d825.sga</d3p1:string>
			<d3p1:string>C:\Users\zackm\Documents\TCDVIII\assets\mod.rdo</d3p1:string>
			<d3p1:string>C:\Users\zackm\AppData\Local\Temp\mod.bin</d3p1:string>
			<d3p1:string>C:\Users\zackm\Documents\my games\Age of Empires IV - Test\mods\extension\subscriptions\3082\aoe_8cecc0f9-998f-4398-b4a1-9789fbc8f28f.sga</d3p1:string>
			<d3p1:string>C:\Users\zackm\Documents\TCDVIII\assets\locdb\TCDVIII.locdb</d3p1:string>
			<d3p1:string>C:\Users\zackm\Documents\TCDVIII\assets\scenarios\multiplayer\TCDVIII\tcdviii.prefabdata</d3p1:string>
			<d3p1:string>C:\Users\zackm\Documents\TCDVIII\assets\scenarios\multiplayer\TCDVIII\TCDVIII.rdo</d3p1:string>
			<d3p1:string>C:\Users\zackm\Documents\TCDVIII\assets\scenarios\multiplayer\TCDVIII\tcdviii.scenario</d3p1:string>
			<d3p1:string>C:\Users\zackm\AppData\Local\Temp\tcdvii.scar</d3p1:string>
		</History>
	</RecentFiles>
</ProjectSettings>